*Украина; UA
Киев;	Київ
Харьков;	Харків
Одесса;	Одеса
Днепр;	Дніпро; Днепропетровск; Дніпропетровськ
Донецк;	Донецьк
Львов;	Львів
Запорожье;	Запоріжжя
Кривой Рог;	Кривий Ріг
Николаев;	Миколаїв
Мариуполь;	Маріуполь
Луганск;	Луганськ
Винница;	Вінниця
Макеевка;	Макіївка
Чернигов;	Чернігів
Полтава;	Полтава
Херсон;	Херсон
Хмельницкий;	Хмельницький
Черкассы;	Черкаси
Черновцы;	Чернівці
Житомир;	Житомир
Сумы;	Сум
Ровно;	Рівне
Горловка;	Горлівка
Ивано-Франковск;	Івано-Франківськ
Каменское;	Камянське
Тернополь;	Тернопіль
Кропивницкий;	Кропивницький
Луцк;	Луцьк
Кременчуг;	Кременчук
Белая Церковь;	Біла Церква
Мелитополь;	Мелітополь
Краматорск;	Краматорськ
Ужгород;	Ужгород
Бровары;	Бровари
Бердянск;	Бердянськ
Алчевск;	Алчевськ
Никополь;	Нікополь
Славянск;	Словянськ
Павлоград;	Павлоград
Винницкая область
Виницкая область
Волынская область
Днепропетровская область
Донецкая область
Житомирская область
Закарпатская область
Запорожская область
Ивано-Франковская область
Киевская область
Кировоградская область
Луганская область
Львовская область
Николаевская область
Одесская область
Полтавская область
Ровненская область
Сумская область
Тернопольская область
Харьковская область
Херсонская область
Хмельницкая область
Черкасская область
Черниговская область
Черновицкая область

ИЗМАИЛЬСКАЯ ОБЛАСТЬ
РОВЕНСКАЯ ОБЛАСТЬ

*Белоруссия; BY
Минск
Гомель
Витебск
Могилев
Гродно
Брест
Бобруйск
Барановичи
Борисов
Пинск
Орша
Мозырь
Лида
Солигорск
Новополоцк
Брестская область
Витебская область
Гомельская область
Гродненская область
Минская область
Могилевская область

Молодечненская область;МОЛОДЕНЧЕСКАЯ ОБЛАСТЬ
ПОЛЕССКАЯ ОБЛАСТЬ


*Казахстан; KZ
Алма-Ата;Алматы;Алмата
Астана;Нур-Султан;Нурсултан
Шымкент
Актобе;	Ақтөбе
Караганда;	Қарағанды
Тараз;Жамбыл
Павлодар
Семей
Усть-Каменогорск;Өскемен
Атырау
Кызылорда;Қызылорда
Костанай;Қостанай
Актау;Ақтау
Уральск;Орал
Петропавловск;	Петропавл
Туркестан;	Түркістан
Кокшетау;	Көкшетау
Темиртау;	Теміртау
Талдыкорган;	Талдықорған
Экибастуз;	Екібастұз
Рудный
Жезказган;	Жезқазған
Каскелен;	Қаскелең
Кентау;	Кентау
Жанаозен;	Жаңаөзен
Балхаш;	Балқаш
Сатпаев;	Сәтбаев
Кульсары;	Құлсары
Талгар;	Талғар
Сарыагаш;	Сарыағаш
Конаев;	Қонаев
Жаркент;	Жаркент
Арыс;	Арыс
Аксу;	Ақсу
Косшы;	Қосшы
Степногорск;	Степногор
Щучинск;	Щучин
Риддер
Жетысай;	Жетісай
Аягоз;	Аягөз
Есик;	Есік
Шахтинск;	Шахтин
Аральск;	Арал
Аксай;	Ақсай
//Алтай;	Алтай
Житикара;	Жітіқара
Кандыагаш;	Қандыағаш
Сарань;	Саран
Байконур;Байконыр;Байқоңыр
Ленгер;	Леңгір
Шардара;	Шардара
Лисаковск;	Лисаков
Атбасар;	Атбасар
Текели;	Текелі
Хромтау;	Хромтау
Аркалык;	Арқалық
Актау
Абайская область
Акмолинская область
Актюбинская область
Алматинская область
Атырауская область
Восточно-Казахстанская область
Жамбылская область
Жетысуская область
Западно-Казахстанская область
Карагандинская область
Костанайская область
Кустанайская область
Кызылординская область
Мангистауская область
Павлодарская область
Северо-Казахстанская область
Южно-Казахстанская область
Туркестанская область
Улытауская область

Кокшетауская область
Кокчетаевская область
Кокчетавская область
Алма-атинская область
Талды-курганская область
Семипалатинская область
ЧИМКЕНТСКАЯ ОБЛАСТЬ
ТУРГАЙСКАЯ ОБЛАСТЬ
ЦЕЛИНОГРАДСКАЯ ОБЛАСТЬ

*Киргизия; KG
Бишкек
Ош
Каракол
Талас
Нарыш
Джалал-Абад;Джалалабад
Баткен
Чуйская область
Иссык-Кульская область
Таласская область
Нарынская область
Джалал-Абадская область
Ошская область
Баткенская область

*Молдавия; MD
Кишинев
Тирасполь
Бельцы
Бендеры
Рыбница
Кагул
Унгены
Сороки
Орхей
Дубоссары
Комрат
Чадыр-Лунга
Страшены
Дрокия
Единец
Кэушень
Дурлешты
Фалешты
Хынчешты
Вулканешты
Бессарабский район
Бричанский район
Глодянский район
Дондюшанский район
Дрокиевский район
Дубоссарский район
Единецкий район
Кагульский район
Каларашский район
Кантемирский район
Каушанский район
Криулянский район
Леовский район
Ниспоренский район
Новоаненский район
Окницкий район
Оргеевский район
Резинский район
Рышканский район
Сорокский район
Страшенский район
Сынжерейский район
Тараклийский район
Теленештский район
Унгенский район
Фалештский район
Флорештский район
Хынчештский район
Чимишлийский район
Шолданештский район
Штефан-Водский район
Яловенский район
Гагаузия район

*Грузия; GE
Тбилиси
Батуми
Кутаиси
Рустави
Гори
Зугдиди
Поти
Хашури
Самтредиа
Сенаки
Гурия область
Имеретия область
Кахетия область
Мцхета-Мтианетия область
Рача-Лечхуми и Нижняя Сванетия область
Самегрело-Верхняя Сванетия область
Самцхе-Джавахетия область
Квемо-Картли область
Шида-Картли область
Абхазская область;Апсны область
Аджарская область
Южная осетия область

*Армения; AM
Ереван
//Армавир - такой есть и в РФ
Гюмри
Ванадзор
Вагаршапат
Раздан
Арагацотнская область
Араратская область
Армавирская область
Вайоцдзорская область
Гегаркуникская область
Котайкская область
Лорийская область
Сюникская область
Тавушская область
Ширакская область

*Азербайджан; AZ
Баку
Гянджа
Сумгайыт;Сумгаит
Мингечевир
Нахчыван;Нахичевань
Евлах	
Ханкенди
Ленкорань
Джалилабад
Агджабеди
Хачмаз
Агдамский район
Агдашский район
Агджабединский район
Аджигабульский район
Агстафинский район
//Апшеронский район - есть и в РФ!!!
Астаринский район
Ахсуйский район
Балакенский район
Бардинский район
Бейлаганский район
Билясуварский район
Габалинский район
Газахский район
Гахский район
Гейчайский район
Геранбойский район
Гейгельский район
Гобустанский район
Губадлинский район
Губинский район
Гусарский район
Дашкесанский район
Джалилабадский район
Джебраильский район
Евлахский район
Загатальский район
Зангеланский район
Зердабский район
Имишлинский район
Исмаиллинский район
Кедабекский район
Кельбаджарский район
Кюрдамирский район
Лачинский район
Ленкоранский район
Лерикский район
Масаллинский район
Нефтечалинский район
Огузский район
Саатлинский район
Сабирабадский район
Сальянский район
Самухский район
Сиазаньский район
Товузский район
Тертерский район
Уджарский район
Физулинский район
Хачмазский район
Ходжавендский район
Ходжалинский район
Хызинский район
Шабранский район
Шамкирский район
Шекинский район
Шемахинский район
Шушинский район
Ярдымлинский район
Бабекский район
Джульфинский район
Кенгерлинский район
Ордубадский район
Садаракский район
Шахбузский район
Шарурский район

НАГОРНО-КАРАБАХСКАЯ область

*Узбекистан; UZ
Ташкент
Наманган
Самарканд
Андижан
Нукус
Бухара
Фергана
Карши
Коканд
Маргилан
Ангрен
Джизак
Чирчик
Ургенч
Термез
Навои
Алмалык
Ходжейли
Денау
Бекабад
Шахрисабз
Каракалпакстан область
Андижанская область
Бухарская область
Джизакская область
Кашкадарьинская область
Навоийская область
Наманганская область
Самаркандская область
Сурхандарьинская область
Сырдарьинская область
Ташкентская область
Ферганская область
Хорезмская область

ТАШКЕНСКАЯ ОБЛАСТЬ
Учкурганская область

*Таджикистан; TJ
Душанбе
Худжанд
Бохтар
Куляб
Истаравшан
Турсунзаде
Канибадам
Исфара
Гулистон
Вахдат
Пенджикент
Бустон
Хорог
Нурек
Гиссар
Истиклол
Левакант
Рогун
Согдийская область
Хатлонская область
Горно-Бадахшанская область

ЛЕНИНАБАДСКАЯ ОБЛАСТЬ
КУРГАН-ТЮБИНСКАЯ ОБЛАСТЬ

*Туркменистан; TM
Ашхабад;Полторацк; Асхабат
Акдепе	
Андалып;Ильялы, Гурбансолтан-Эдже
Аннау;Анау
Бабадайхан	
Байрамали	;Байрам-Али
Балканабад	;Небит-Даг; Небитдаг
Бахарден	;Бахарден, Бахаралы
Берекет	;Казанджик, Газанджык
Болдумсаз	
Газаджак	;Газ-Ачак
Гарабекевюл	;Карабекаул
Гёкдепе	;Геок-Тепе
Гёроглы	;Тахта
Губадаг	;Тельманск
Гызыларбат	;Кизыл-Арват, Сердар
Дарганата	;Дарган-Ата, Бирата
Дашогуз	;Ташауз, Дошховуз
Достлук	
Дянев	;Дейнау, Галкыныш
Ёлётен	;Иолотань, Елетен, Елотен
Кака	;Каахк, Каахка
Карабогаз	;Бекдаш
Керки	;Атамурат
Кёнеургенч	;Ургенч, Куня-Ургенч
Койтендаг	;Чаршанга
Магданлы	;Гаурдак
Махтумкули	;Кара-Кала
Мерв
Мургап	;Мургаб
Сакар	
Сакарчага	;Сакар-Чага
Саят	
Сейди	
Серхетабад;	Кушка, Гушгы
Теджен	;Теджен
Туркменгала	;Туркмен-Кала
Туркменабад	;Чарджуй, Ленинск-Туркменский, Чарджоу, Туркменабат
Туркменбашы;	Туркменбаши, Красноводск
Фарап;	Фараб
Халач	
Ходжамбаз;	Ходжамбас
Шабат;	Тэзебазар, Ниязов
Шатлык	
Эсенгулы;	Гасан-Кули
Этрек;	Кизыл-Атрек, Газилетрек
Ахалский район
Балканский район
Дашогузский район
Лебапский район
Марыйский район
Ашхабадская область
Красноводская область
Марыйская область
Ташаузская область
Чарджоуская область

*Латвия; LV

	Рига	
	Даугавпилс
	Лиепая	
	Елгава	
	Юрмала	
	Вентспилс
	Резекне
	Огре
	Валмиера
	Екабпилс
	Саласпилс
	Тукумс
	Цесис
	Сигулда
	Олайне

Адажский край
Айзкраукльский край
Алуксненский край
Аугшдаугавский край
Балвский край
Бауский край
Валкский край
Валмиерский край
Вараклянский край
Вентспилсский край
Гулбенский край
Добельский край
Екабпилсский край
Елгавский край
Кекавский край
Краславский край
Кулдигский край
Ливанский край
Лимбажский край
Лудзенский край
Мадонский край
Марупский край
Огрский край
Олайнский край
Прейльский край
Резекненский край
Ропажский край
Саласпилсский край
Салдусский край
Саулкрастский край
Сигулдский край
Смилтенский край
Талсинский край
Тукумский край
Цесисский край
Южно-Курземский край

*Литва; LT

Алитус
Бирштонас
Вильнюс
Друскининкай
Мариямполе; Капсукас
Каунас
Клайпеда
Неринга
Паланга
Паневежис
Шяуляй
Алитусский район
Вильнюсский район
Каунасский район
Клайпедский район
Мариямпольский район
Паневежский район
Таурагский район
Тельшяйский район
Утенский район
Шяуляйский район

*Эстония; EE

Таллин
Тарту
Нарва
Пярну
Кохтла-Ярве
Вильянди
Маарду
Раквере
Силламяэ
Курессааре
Выру
Йыхви
Валга
Хаапсалу
Кейла
Пайде
Тапа
Пылва
Сауэ
Элва
Кивиыли
Йыгева
Тюри
Рапла
Пылтсамаа
Синди
Палдиски
Кунда
Кярдла
Кехра
Локса
Тырва
Нарва-Йыэсуу
Ряпина
Тамсалу
Отепя
Килинги-Нымме
Каркси-Нуйа
Муствеэ
Антсла
Лихула
Выхма
Абья-Палуоя
Сууре-Яани
Пюсси
Калласте
Мыйзакюла

Валгамаа  район
Вильяндимаа  район
Вырумаа район
Ида-Вирумаа район
Йыгевамаа район
Ляэне-Вирумаа район
Ляэнемаа район
Пылвамаа район
Пярнумаа район
Рапламаа район
Сааремаа район
Тартумаа район
Харьюмаа район
Хийумаа район
Ярвамаа район


